<?xml version="1.0" standalone="yes"?>
<DSAccount xmlns="http://tempuri.org/DSAccount.xsd">
  <tblAccount>
    <Username>hacklslol1@yahoo.com</Username>
    <Password>HâDy&lt;»
é"G¤ú</Password>
    <Server_ID>22</Server_ID>
    <Ma_So_Ket_Noi />
    <Phuong_Thuc_Ket_Noi>1</Phuong_Thuc_Ket_Noi>
    <Group_ID />
    <Delay>1</Delay>
  </tblAccount>
  <tblAccount>
    <Username>hacklslol4@yahoo.com</Username>
    <Password>HâDy&lt;»
é"G¤ú</Password>
    <Server_ID>22</Server_ID>
    <Ma_So_Ket_Noi />
    <Phuong_Thuc_Ket_Noi>1</Phuong_Thuc_Ket_Noi>
    <Group_ID />
    <Delay>3</Delay>
  </tblAccount>
  <tblAccount>
    <Username>hacklslol8@yahoo.com</Username>
    <Password>B&#x11;s#®*</Password>
    <Server_ID>22</Server_ID>
    <Ma_So_Ket_Noi />
    <Phuong_Thuc_Ket_Noi>1</Phuong_Thuc_Ket_Noi>
    <Group_ID />
    <Delay>3</Delay>
  </tblAccount>
  <tblAccount>
    <Username>hacklslol9@yahoo.com</Username>
    <Password>B&#x11;s#®*</Password>
    <Server_ID>22</Server_ID>
    <Ma_So_Ket_Noi />
    <Phuong_Thuc_Ket_Noi>1</Phuong_Thuc_Ket_Noi>
    <Group_ID />
    <Delay>3</Delay>
  </tblAccount>
  <tblAccount>
    <Username>hacklslol10@yahoo.com</Username>
    <Password>B&#x11;s#®*</Password>
    <Server_ID>22</Server_ID>
    <Ma_So_Ket_Noi />
    <Phuong_Thuc_Ket_Noi>1</Phuong_Thuc_Ket_Noi>
    <Group_ID />
    <Delay>3</Delay>
  </tblAccount>
  <tblAccount>
    <Username>hacklslol11@yahoo.com</Username>
    <Password>B&#x11;s#®*</Password>
    <Server_ID>22</Server_ID>
    <Ma_So_Ket_Noi />
    <Phuong_Thuc_Ket_Noi>1</Phuong_Thuc_Ket_Noi>
    <Group_ID />
    <Delay>1</Delay>
  </tblAccount>
  <tblAccount>
    <Username>hacklslol12@yahoo.com</Username>
    <Password>B&#x11;s#®*</Password>
    <Server_ID>22</Server_ID>
    <Ma_So_Ket_Noi />
    <Phuong_Thuc_Ket_Noi>1</Phuong_Thuc_Ket_Noi>
    <Group_ID />
    <Delay>3</Delay>
  </tblAccount>
  <tblAccount>
    <Username>hacklslol13@yahoo.com</Username>
    <Password>B&#x11;s#®*</Password>
    <Server_ID>22</Server_ID>
    <Ma_So_Ket_Noi />
    <Phuong_Thuc_Ket_Noi>1</Phuong_Thuc_Ket_Noi>
    <Group_ID />
    <Delay>3</Delay>
  </tblAccount>
  <tblAccount>
    <Username>lisatthu35@gmail.com</Username>
    <Password>HâDy&lt;»
é"G¤ú</Password>
    <Server_ID>22</Server_ID>
    <Ma_So_Ket_Noi />
    <Phuong_Thuc_Ket_Noi>1</Phuong_Thuc_Ket_Noi>
    <Group_ID />
    <Delay>1</Delay>
  </tblAccount>
  <tblAccount>
    <Username>hacklslol14@yahoo.com</Username>
    <Password>B&#x11;s#®*</Password>
    <Server_ID>22</Server_ID>
    <Ma_So_Ket_Noi />
    <Phuong_Thuc_Ket_Noi>1</Phuong_Thuc_Ket_Noi>
    <Group_ID />
    <Delay>1</Delay>
  </tblAccount>
  <tblAccount>
    <Username>hacklslol15@yahoo.com</Username>
    <Password>B&#x11;s#®*</Password>
    <Server_ID>22</Server_ID>
    <Ma_So_Ket_Noi />
    <Phuong_Thuc_Ket_Noi>1</Phuong_Thuc_Ket_Noi>
    <Group_ID />
    <Delay>1</Delay>
  </tblAccount>
  <tblAccount>
    <Username>hacklslol16@yahoo.com</Username>
    <Password>B&#x11;s#®*</Password>
    <Server_ID>22</Server_ID>
    <Ma_So_Ket_Noi />
    <Phuong_Thuc_Ket_Noi>1</Phuong_Thuc_Ket_Noi>
    <Group_ID />
    <Delay>1</Delay>
  </tblAccount>
  <tblAccount>
    <Username>hacklslol17@yahoo.com</Username>
    <Password>B&#x11;s#®*</Password>
    <Server_ID>22</Server_ID>
    <Ma_So_Ket_Noi />
    <Phuong_Thuc_Ket_Noi>1</Phuong_Thuc_Ket_Noi>
    <Group_ID />
    <Delay>1</Delay>
  </tblAccount>
  <tblAccount>
    <Username>hacklslol18@yahoo.com</Username>
    <Password>B&#x11;s#®*</Password>
    <Server_ID>22</Server_ID>
    <Ma_So_Ket_Noi />
    <Phuong_Thuc_Ket_Noi>1</Phuong_Thuc_Ket_Noi>
    <Group_ID />
    <Delay>1</Delay>
  </tblAccount>
</DSAccount>